{
	"name": "chatdamagebuttons5e",
	"title": "Chat Damage Buttons 5e",
	"description": "This module will add damage buttons on damage roll chat cards to easily apply damage to tokens.",
	"version": "1.3",
	"minimumCoreVersion": "0.4.5",
	"author": "Mrlilal",
	"scripts": ["./chatdamagebuttons5e.js"],
	"styles": [],
	"packs": [],
	"url": "https://github.com/Mrlilal/foundryvtt-chat-damage-buttons/blob/master/README.md",
	"manifest": "https://raw.githubusercontent.com/Mrlilal/foundryvtt-chat-damage-buttons/master/module.json?token=AI4F77I543FFJIBFVO5IRO27MBH4E",
	"download": "https://raw.githubusercontent.com/Mrlilal/foundryvtt-chat-damage-buttons/master/chatdamagebuttons5e-1.3.zip"
}
